"","slope","std.error","plot.slope"
"1",1.05737419018784,0.00806624882110786,0.94573881331374
